{"addbookmarks":true,"bookmarks":[{"name":"Vista general","extent":{"xmin":-403812.89017758035,"ymin":4931272.349283044,"xmax":-398271.2056269126,"ymax":4935094.200697298,"spatialReference":{"wkid":102100}},"thumbnail":"/webappbuilder/apps/8/widgets/eBookmark/images/thumbnail_default.png"},{"name":"Auditorio","extent":{"xmin":-401667.8871285096,"ymin":4932180.4830036815,"xmax":-400975.1765597337,"ymax":4932658.214430423,"spatialReference":{"wkid":102100}},"thumbnail":"/webappbuilder/apps/8/widgets/eBookmark/images/thumbnail_default.png"},{"name":"Caldera Fría","extent":{"xmin":-401554.7203782398,"ymin":4933137.598446674,"xmax":-401208.36509377515,"ymax":4933376.464160097,"spatialReference":{"wkid":102100}},"thumbnail":"/webappbuilder/apps/8/widgets/eBookmark/images/thumbnail_default.png"},{"name":"Aparcamiento principal","extent":{"xmin":-402523.02638246503,"ymin":4932740.623101571,"xmax":-401830.31581368914,"ymax":4933218.354528313,"spatialReference":{"wkid":102100}},"thumbnail":"/webappbuilder/apps/8/widgets/eBookmark/images/thumbnail_default.png"}]}
